Model,RMSE,R2
Linear Regression,4.053869457189267e-12,1.0
Random Forest,140.96147001802188,0.999438206616923
XGBoost,243.6226067554912,0.9983219266083803
